{"kgs_carbon_per_kwhr":{"AK":0.5365154356,"AL":0.3608844913,"AR":0.4749652492,"AZ":0.3146929334,"CA":0.2185438887,"CO":0.5123551511,"CT":0.2498488704,"DC":0.3970992967,"DE":0.505322161,"FL":0.3770231945,"GA":0.3460650433,"HI":0.6882641419,"IA":0.3584789814,"ID":0.140514092,"IL":0.2904380961,"IN":0.7188800295,"KS":0.3839535812,"KY":0.7955732607,"LA":0.457477381,"MA":0.4327195535,"MD":0.3026532091,"ME":0.2187184658,"MI":0.4979688937,"MN":0.3786287122,"MO":0.7200884147,"MS":0.4028842936,"MT":0.5041097888,"NC":0.3072829421,"ND":0.6489377391,"NE":0.5449017684,"NH":0.1355303633,"NJ":0.2442551284,"NM":0.4429649063,"NV":0.3171821089,"NY":0.2459411249,"OH":0.5280164763,"OK":0.3143700186,"OR":0.1284067187,"PA":0.3241430231,"RI":0.3771283943,"SC":0.2518166412,"SD":0.1578316805,"TN":0.3406882038,"TX":0.40646115,"UT":0.6667722878,"VA":0.2916132886,"VT":0.0058388271,"WA":0.0924380492,"WI":0.5384638508,"WV":0.8890073406,"WY":0.8332535232}}